"sep=,"
Name,Type,Color,Rarity,Author,Power,Toughness,Mana cost,Converted mana cost,Count,Foil count,Special foil count,Price,Foil price,Number,Set,ID,Multiverse ID,Comments,To trade,Condition,Grading,Languages,TCG ID,Cardmarket ID
"Angelic Observer","Creature - Angel Advisor",White,Uncommon,"Zack Stella",3,3,(5)(W),6,1,0,0,$0.04,$0.17,1,"Streets of New Capenna",72838,0,,0,,,,268760,651687
"Backup Agent","Creature - Human Citizen",White,Common,"Aaron J. Riley",1,1,(1)(W),2,1,0,0,$0.05,$0.06,2,"Streets of New Capenna",72839,0,,0,,,,269043,652150
"Ballroom Brawlers","Creature - Human Warrior",White,Uncommon,"John Stanko",3,5,(3)(W)(W),5,2,0,0,$0.05,$0.05,3,"Streets of New Capenna",72840,0,,0,2xMint,,2xEnglish,268682,651619
"Boon of Safety","Instant",White,Common,"Robin Olausson",0,0,(W),1,1,0,0,$0.08,$0.14,4,"Streets of New Capenna",72841,0,,0,,,,269046,652151
"Brokers Initiate","Creature - Cat Citizen",White,Common,"Viko Menezes",0,4,(W),1,2,1,0,$0.06,$0.06,5,"Streets of New Capenna",72842,0,,0,,,,269055,652152
"Buy Your Silence","Sorcery",White,Common,"Tony Foti",0,0,(4)(W),5,1,0,0,$0.02,$0.03,6,"Streets of New Capenna",72843,0,,0,,,,268753,651688
"Celebrity Fencer","Creature - Elf Druid",White,Common,"Inka Schulz",3,2,(3)(W),4,2,1,0,$0.05,$0.14,7,"Streets of New Capenna",72844,0,,0,,,,268729,651830
"Citizen's Crowbar","Artifact - Equipment",White,Uncommon,"Slawomir Maniak",0,0,(1)(W),2,1,0,0,$0.10,$0.16,8,"Streets of New Capenna",72845,0,,0,,,,268913,652153
"Dapper Shieldmate","Creature - Human Soldier",White,Common,"Greg Opalinski",2,2,(3)(W),4,1,0,0,$0.03,$0.04,9,"Streets of New Capenna",72846,0,,0,,,,268902,652154
"Depopulate","Sorcery",White,Rare,"Jokubas Uogintas",0,0,(2)(W)(W),4,0,0,0,$0.59,$0.59,10,"Streets of New Capenna",72847,0,,0,,,,268680,651620
"Elspeth Resplendent","Legendary Planeswalker - Elspeth",White,Mythic,"Anna Steinbauer",0,0,(3)(W)(W),5,0,0,0,$4.95,$6.09,11,"Streets of New Capenna",72848,0,,0,,,,268362,651362
"Extraction Specialist","Creature - Human Rogue",White,Rare,"Irina Nordsol",3,2,(2)(W),3,1,0,0,$0.32,$0.59,12,"Streets of New Capenna",72849,0,,0,,,,268761,651689
"Gathering Throng","Creature - Human Citizen",White,Common,"Randy Vargas",3,1,(2)(W),3,1,0,0,$0.04,$0.05,13,"Streets of New Capenna",72850,0,,0,,,,269059,652155
"Giada, Font of Hope","Legendary Creature - Angel",White,Rare,"Eric Deschamps",2,2,(1)(W),2,1,0,0,$3.25,$4.29,14,"Streets of New Capenna",72851,0,,0,,,,269062,652156
"Halo Fountain","Artifact",White,Mythic,"Anastasia Ovchinnikova",0,0,(2)(W),3,1,1,0,$4.83,$5.22,15,"Streets of New Capenna",72852,0,,0,,,,268356,651363
"Hold for Ransom","Enchantment - Aura",White,Common,"Nestor Ossandon Leal",0,0,(1)(W),2,1,0,0,$0.05,$0.10,16,"Streets of New Capenna",72853,0,,0,,,,268762,651831
"Illuminator Virtuoso","Creature - Human Rogue",White,Uncommon,"John Stanko",1,1,(1)(W),2,1,0,0,$0.10,$0.18,17,"Streets of New Capenna",72854,0,,0,,,,268519,651690
"Inspiring Overseer","Creature - Angel Cleric",White,Common,"Irina Nordsol",2,1,(2)(W),3,1,0,0,$0.11,$0.27,18,"Streets of New Capenna",72855,0,,0,,,,269065,652157
"Kill Shot","Instant",White,Common,"Josh Hass",0,0,(2)(W),3,1,0,0,$0.02,$0.05,19,"Streets of New Capenna",72856,0,,0,,,,269067,652158
"Knockout Blow","Instant",White,Uncommon,"Zoltan Boros",0,0,(2)(W),3,1,0,0,$0.05,$0.10,20,"Streets of New Capenna",72857,0,,0,,,,268749,651832
"Mage's Attendant","Creature - Cat Rogue",White,Uncommon,"Igor Kieryluk",3,2,(2)(W),3,1,0,0,$0.09,$0.19,21,"Streets of New Capenna",72858,0,,0,,,,268498,651621
"Mysterious Limousine","Artifact - Vehicle",White,Rare,"Dan Scott",4,4,(3)(W)(W),5,0,0,0,$0.13,$0.22,22,"Streets of New Capenna",72859,0,,0,,,,268403,651364
"Patch Up","Sorcery",White,Uncommon,"Scott Murphy",0,0,(2)(W),3,1,0,0,$0.10,$0.20,23,"Streets of New Capenna",72860,0,,0,,,,268910,652087
"Rabble Rousing","Enchantment",White,Rare,"Nestor Ossandon Leal",0,0,(4)(W),5,0,0,0,$0.83,$0.91,24,"Streets of New Capenna",72861,0,,0,,,,268750,651833
"Raffine's Guidance","Enchantment - Aura",White,Common,"Rémi Jacquot",0,0,(W),1,1,0,0,$0.04,$0.10,25,"Streets of New Capenna",72862,0,,0,,,,268681,651622
"Raffine's Informant","Creature - Human Wizard",White,Common,"John Stanko",2,1,(1)(W),2,1,0,0,$0.09,$0.13,26,"Streets of New Capenna",72863,0,,0,,,,268648,651691
"Refuse to Yield","Instant",White,Uncommon,"Josh Hass",0,0,(1)(W),2,1,0,0,$0.05,$0.09,27,"Streets of New Capenna",72864,0,,0,1xMint,,1xEnglish,268752,651692
"Revelation of Power","Instant",White,Common,"Eric Deschamps",0,0,(1)(W),2,1,0,0,$0.05,$0.09,28,"Streets of New Capenna",72865,0,,0,,,,269123,652159
"Rumor Gatherer","Creature - Elf Wizard",White,Uncommon,"Simon Dominic",2,1,(1)(W)(W),3,2,0,0,$0.15,$0.33,29,"Streets of New Capenna",72866,0,,0,2xMint,,2xEnglish,268316,651365
"Sanctuary Warden","Creature - Angel Soldier",White,Mythic,"Johannes Voss",5,5,(4)(W)(W),6,1,0,0,$1.61,$2.59,30,"Streets of New Capenna",72867,0,,0,,,,268919,652160
"Sky Crier","Creature - Bird Citizen",White,Common,"Raoul Vitale",1,1,(1)(W),2,1,0,0,$0.05,$0.12,31,"Streets of New Capenna",72868,0,,0,,,,269120,652161
"Speakeasy Server","Creature - Bird Citizen",White,Common,"Scott Murphy",3,3,(4)(W),5,2,1,0,$0.04,$0.06,32,"Streets of New Capenna",72869,0,,0,,,,269121,652162
"Swooping Protector","Creature - Bird Citizen",White,Uncommon,"Mark Behm",2,1,(3)(W),4,0,0,0,$0.03,$0.10,33,"Streets of New Capenna",72870,0,,0,,,,269122,652163
"All-Seeing Arbiter","Creature - Avatar",Blue,Mythic,"Robin Olausson",5,4,(4)(U)(U),6,0,0,0,$0.37,$0.48,34,"Streets of New Capenna",72871,0,,0,,,,268676,651623
"Backstreet Bruiser","Creature - Cephalid Rogue",Blue,Common,"Aaron Miller",3,3,(1)(U),2,1,0,0,$0.05,$0.05,35,"Streets of New Capenna",72872,0,,0,,,,269054,652164
"Brokers Veteran","Creature - Human Soldier",Blue,Common,"Lie Setiawan",2,1,(1)(U),2,2,1,0,$0.05,$0.06,36,"Streets of New Capenna",72873,0,,0,,,,268909,652088
"Case the Joint","Instant",Blue,Common,"Stella Spente",0,0,(3)(U),4,1,0,0,$0.04,$0.04,37,"Streets of New Capenna",72874,0,,0,,,,269056,652089
"Cut Your Losses","Sorcery",Blue,Rare,"Dominik Mayer",0,0,(4)(U)(U),6,0,0,0,$0.17,$0.24,38,"Streets of New Capenna",72875,0,,0,,,,268500,651624
"Disdainful Stroke","Instant",Blue,Common,"Irina Nordsol",0,0,(1)(U),2,1,0,0,$0.03,$0.12,39,"Streets of New Capenna",72876,0,,0,,,,268769,651834
"Echo Inspector","Creature - Bird Rogue",Blue,Common,"Lucas Graciano",2,3,(3)(U),4,1,0,0,$0.03,$0.12,40,"Streets of New Capenna",72877,0,,0,,,,268630,651693
"Errant, Street Artist","Legendary Creature - Human Rogue",Blue,Rare,"Justine Cruz",0,3,(U),1,1,0,0,$0.19,$0.40,41,"Streets of New Capenna",72878,0,,0,,,,268678,651625
"Even the Score","Instant",Blue,Mythic,"Greg Opalinski",0,0,(X)(U)(U)(U),3,0,0,0,$0.65,$0.91,42,"Streets of New Capenna",72879,0,,0,,,,268916,652165
"Expendable Lackey","Creature - Human Citizen",Blue,Common,"Randy Gallegos",1,1,(U),1,1,0,0,$0.03,$0.10,43,"Streets of New Capenna",72880,0,,0,,,,269057,652166
"Faerie Vandal","Creature - Faerie Rogue",Blue,Uncommon,"Irina Nordsol",1,2,(1)(U),2,1,0,0,$0.08,$0.13,44,"Streets of New Capenna",72881,0,,0,,,,268497,651626
"Hypnotic Grifter","Creature - Human Rogue",Blue,Uncommon,"Josu Hernaiz",1,2,(U),1,1,0,0,$0.05,$0.13,45,"Streets of New Capenna",72882,0,,0,,,,268645,651694
"Ledger Shredder","Creature - Bird Advisor",Blue,Rare,"Mila Pesic",1,3,(1)(U),2,1,1,0,$18.55,$23.76,46,"Streets of New Capenna",72883,0,,0,,,,268342,651255
"A Little Chat","Instant",Blue,Uncommon,"Matt Stewart",0,0,(1)(U),2,2,1,0,$0.08,$0.15,47,"Streets of New Capenna",72884,0,,0,,,,268341,651256
"Majestic Metamorphosis","Instant",Blue,Common,"Ben Hill",0,0,(2)(U),3,1,0,0,$0.03,$0.06,48,"Streets of New Capenna",72885,0,,0,,,,269064,652167
"Make Disappear","Instant",Blue,Common,"Inka Schulz",0,0,(1)(U),2,1,0,0,$0.10,$0.10,49,"Streets of New Capenna",72886,0,,0,,,,268455,651627
"Obscura Initiate","Creature - Bird Citizen",Blue,Common,"Kim Sokol",2,2,(2)(U),3,1,0,0,$0.04,$0.04,50,"Streets of New Capenna",72887,0,,0,,,,268770,651695
"An Offer You Can't Refuse","Instant",Blue,Uncommon,"Dallas Williams",0,0,(U),1,1,0,0,$0.86,$2.43,51,"Streets of New Capenna",72888,0,,0,,,,268317,651366
"Out of the Way","Instant",Blue,Uncommon,"Tony Foti",0,0,(3)(U),4,1,0,0,$0.04,$0.14,52,"Streets of New Capenna",72889,0,,0,,,,268549,652090
"Psionic Snoop","Creature - Human Rogue",Blue,Common,"Marcela Medeiros",0,3,(2)(U),3,1,0,0,$0.06,$0.09,53,"Streets of New Capenna",72890,0,,0,,,,268771,651696
"Psychic Pickpocket","Creature - Cephalid Rogue",Blue,Uncommon,"Will Gist",3,2,(4)(U),5,1,0,0,$0.04,$0.12,54,"Streets of New Capenna",72891,0,,0,,,,268540,651697
"Public Enemy","Enchantment - Aura",Blue,Uncommon,"Dominik Mayer",0,0,(2)(U),3,1,0,0,$0.08,$0.15,55,"Streets of New Capenna",72892,0,,0,,,,268772,651698
"Reservoir Kraken","Creature - Kraken",Blue,Rare,"Nicholas Gregory",6,6,(2)(U)(U),4,1,0,0,$0.16,$0.31,56,"Streets of New Capenna",72893,0,,0,,,,268773,651835
"Rooftop Nuisance","Sorcery",Blue,Common,"Svetlin Velinov",0,0,(2)(U),3,0,0,0,$0.03,$0.09,57,"Streets of New Capenna",72894,0,,0,,,,268679,651628
"Run Out of Town","Instant",Blue,Common,"Lucas Staniec",0,0,(3)(U),4,0,0,0,$0.02,$0.05,58,"Streets of New Capenna",72895,0,,0,,,,269066,652168
"Security Bypass","Enchantment - Aura",Blue,Common,"Volkan Baǵa",0,0,(1)(U),2,1,0,0,$0.06,$0.14,59,"Streets of New Capenna",72896,0,,0,,,,268568,651699
"Sewer Crocodile","Creature - Crocodile",Blue,Common,"Milivoj Ćeran",4,6,(5)(U),6,1,0,0,$0.03,$0.03,60,"Streets of New Capenna",72897,0,,0,,,,269069,652169
"Sleep with the Fishes","Enchantment - Aura",Blue,Uncommon,"Randy Gallegos",0,0,(2)(U)(U),4,1,0,0,$0.06,$0.10,61,"Streets of New Capenna",72898,0,,0,,,,268774,651700
"Slip Out the Back","Instant",Blue,Uncommon,"Zara Alfonso",0,0,(U),1,1,0,0,$0.15,$0.44,62,"Streets of New Capenna",72899,0,,0,,,,268915,652170
"Undercover Operative","Creature - Shapeshifter Rogue",Blue,Rare,"Tyler Walpole",0,0,(2)(U)(U),4,0,0,0,$0.19,$0.26,63,"Streets of New Capenna",72900,0,,0,,,,269072,652171
"Wingshield Agent","Creature - Human Soldier",Blue,Uncommon,"Aaron J. Riley",2,3,(2)(U),3,2,1,0,$0.05,$0.11,64,"Streets of New Capenna",72901,0,,0,,,,269076,652172
"Wiretapping","Enchantment",Blue,Rare,"Jason A. Engle",0,0,(4)(U),5,0,0,0,$0.13,$0.23,65,"Streets of New Capenna",72902,0,,0,,,,268357,651257
"Witness Protection","Enchantment - Aura",Blue,Common,"Dominik Mayer",0,0,(U),1,1,0,0,$0.12,$0.23,66,"Streets of New Capenna",72903,0,,0,,,,268510,651629
"Angel of Suffering","Creature - Nightmare Angel",Black,Mythic,"Martina Fackova",5,3,(3)(B)(B),5,0,0,0,$1.01,$1.93,67,"Streets of New Capenna",72904,0,,0,,,,268776,651836
"Body Launderer","Creature - Ogre Rogue",Black,Mythic,"Matt Stewart",3,3,(2)(B)(B),4,1,0,0,$2.28,$2.81,68,"Streets of New Capenna",72905,0,,0,,,,268777,651701
"Cemetery Tampering","Enchantment",Black,Rare,"Taras Susak",0,0,(2)(B),3,0,0,0,$0.19,$0.33,69,"Streets of New Capenna",72906,0,,0,,,,268565,651702
"Corrupt Court Official","Creature - Human Advisor",Black,Common,"Drew Baker",1,1,(1)(B),2,0,0,0,$0.04,$0.10,70,"Streets of New Capenna",72907,0,,0,,,,269070,652173
"Crooked Custodian","Creature - Ogre Rogue",Black,Common,"Tony Foti",3,2,(1)(B),2,1,0,0,$0.05,$0.05,71,"Streets of New Capenna",72908,0,,0,,,,269074,652174
"Cut of the Profits","Sorcery",Black,Rare,"Donato Giancola",0,0,(X)(B)(B),2,0,0,0,$0.16,$0.31,72,"Streets of New Capenna",72909,0,,0,,,,268365,651367
"Cutthroat Contender","Creature - Vampire Warrior",Black,Common,"Mark Behm",1,1,(B),1,1,1,0,$0.05,$0.06,73,"Streets of New Capenna",72910,0,,0,,,,269075,652175
"Deal Gone Bad","Instant",Black,Common,"Mathias Kollros",0,0,(3)(B),4,1,0,0,$0.03,$0.06,74,"Streets of New Capenna",72911,0,,0,,,,268906,652091
"Demon's Due","Instant",Black,Common,"Slawomir Maniak",0,0,(3)(B),4,1,1,0,$0.06,$0.14,75,"Streets of New Capenna",72912,0,,0,,,,269077,652176
"Dig Up the Body","Instant",Black,Common,"Greg Staples",0,0,(2)(B),3,1,0,0,$0.09,$0.09,76,"Streets of New Capenna",72913,0,,0,,,,268668,651630
"Dusk Mangler","Creature - Horror",Black,Uncommon,"Antonio José Manzanedo",5,4,(5)(B)(B),7,1,1,0,$0.08,$0.10,77,"Streets of New Capenna",72914,0,,0,,,,268779,651837
"Extract the Truth","Sorcery",Black,Common,"Josu Hernaiz",0,0,(1)(B),2,1,0,0,$0.06,$0.12,78,"Streets of New Capenna",72915,0,,0,,,,269079,652177
"Fake Your Own Death","Instant",Black,Common,"Kari Christensen",0,0,(1)(B),2,2,0,0,$0.06,$0.12,79,"Streets of New Capenna",72916,0,,0,2xMint,,2xEnglish,269082,652178
"Girder Goons","Creature - Ogre Warrior",Black,Common,"Andrew Mar",4,4,(4)(B),5,1,0,0,$0.04,$0.05,80,"Streets of New Capenna",72917,0,,0,,,,269084,652092
"Graveyard Shift","Sorcery",Black,Uncommon,"Liiga Smilshkalne",0,0,(4)(B),5,1,0,0,$0.08,$0.08,81,"Streets of New Capenna",72918,0,,0,,,,268507,651631
"Grisly Sigil","Sorcery",Black,Uncommon,"Dominik Mayer",0,0,(B),1,1,1,0,$0.04,$0.11,82,"Streets of New Capenna",72919,0,,0,,,,268670,651632
"Illicit Shipment","Sorcery",Black,Uncommon,"Josu Hernaiz",0,0,(3)(B)(B),5,1,0,0,$0.08,$0.10,83,"Streets of New Capenna",72920,0,,0,,,,268672,651633
"Incriminate","Sorcery",Black,Common,"Kieran Yanner",0,0,(1)(B),2,1,0,0,$0.06,$0.09,84,"Streets of New Capenna",72921,0,,0,,,,268318,651368
"Join the Maestros","Sorcery",Black,Common,"Josh Hass",0,0,(4)(B),5,1,0,0,$0.05,$0.10,85,"Streets of New Capenna",72922,0,,0,,,,268503,651634
"Maestros Initiate","Creature - Human Citizen",Black,Common,"Irina Nordsol",3,1,(2)(B),3,2,1,0,$0.02,$0.02,86,"Streets of New Capenna",72923,0,,0,,,,268452,651635
"Midnight Assassin","Creature - Vampire Assassin",Black,Common,"Christina Davis",1,2,(2)(B),3,1,0,0,$0.04,$0.06,87,"Streets of New Capenna",72924,0,,0,,,,269088,652179
"Murder","Instant",Black,Common,"Yongjae Choi",0,0,(1)(B)(B),3,1,0,0,$0.08,$0.08,88,"Streets of New Capenna",72925,0,,0,,,,268329,651258
"Night Clubber","Creature - Human Warrior",Black,Uncommon,"Joshua Raphael",2,2,(1)(B)(B),3,1,0,0,$0.08,$0.15,89,"Streets of New Capenna",72926,0,,0,,,,268837,652093
"Raffine's Silencer","Creature - Human Assassin",Black,Uncommon,"Fajareka Setiawan",1,1,(2)(B),3,1,0,0,$0.06,$0.15,90,"Streets of New Capenna",72927,0,,0,,,,268780,651838
"Revel Ruiner","Creature - Cephalid Rogue",Black,Common,"Christina Davis",3,1,(3)(B),4,1,0,0,$0.06,$0.08,91,"Streets of New Capenna",72928,0,,0,,,,268644,651703
"Rogues' Gallery","Sorcery",Black,Uncommon,"Matt Stewart",0,0,(2)(B),3,1,0,0,$0.08,$0.19,92,"Streets of New Capenna",72929,0,,0,,,,268841,652094
"Sanguine Spy","Creature - Vampire Rogue",Black,Rare,"David Palumbo",2,3,(2)(B),3,0,0,0,$0.15,$0.31,93,"Streets of New Capenna",72930,0,,0,,,,268781,651839
"Shadow of Mortality","Creature - Avatar",Black,Rare,"Robin Olausson",7,7,({)(1)(3)(})(B)(B),15,0,0,0,$0.27,$0.50,94,"Streets of New Capenna",72931,0,,0,,,,268782,651704
"Shakedown Heavy","Creature - Ogre Warrior",Black,Rare,"Randy Vargas",6,4,(2)(B),3,1,1,0,$0.28,$0.42,95,"Streets of New Capenna",72932,0,,0,,,,268541,651705
"Tavern Swindler","Creature - Human Rogue",Black,Uncommon,"Pauline Voss",2,2,(1)(B),2,1,0,0,$0.04,$0.04,96,"Streets of New Capenna",72933,0,,0,,,,268783,651840
"Tenacious Underdog","Creature - Human Warrior",Black,Rare,"Zara Alfonso",3,2,(1)(B),2,1,0,0,$1.03,$1.52,97,"Streets of New Capenna",72934,0,,0,,,,268942,652095
"Vampire Scrivener","Creature - Vampire Warlock",Black,Uncommon,"Bastien L. Deharme",2,2,(4)(B),5,1,0,0,$0.08,$0.22,98,"Streets of New Capenna",72935,0,,0,,,,268673,651636
"Whack","Sorcery",Black,Uncommon,"John Thacker",0,0,(3)(B),4,1,0,0,$0.04,$0.15,99,"Streets of New Capenna",72936,0,,0,,,,268914,652180
"Antagonize","Instant",Red,Common,"Gabor Szikszai",0,0,(1)(R),2,1,0,0,$0.06,$0.06,100,"Streets of New Capenna",72937,0,,0,,,,269060,652181
"Arcane Bombardment","Enchantment",Red,Mythic,"Marta Nael",0,0,(4)(R)(R),6,0,0,0,$2.95,$4.14,101,"Streets of New Capenna",72938,0,,0,,,,268433,651638
"Big Score","Instant",Red,Common,"Gaboleps",0,0,(3)(R),4,3,1,0,$0.12,$0.23,102,"Streets of New Capenna",72939,0,,0,3xMint,,3xEnglish,268785,651841
"Call In a Professional","Instant",Red,Uncommon,"Filip Burburan",0,0,(2)(R),3,1,0,0,$0.10,$0.10,103,"Streets of New Capenna",72940,0,,0,,,,268786,651842
"Daring Escape","Instant",Red,Common,"Ekaterina Burmak",0,0,(R),1,1,0,0,$0.04,$0.09,104,"Streets of New Capenna",72941,0,,0,,,,269061,652182
"Devilish Valet","Creature - Devil Warrior",Red,Rare,"Bud Cook",1,3,(2)(R),3,0,0,0,$0.31,$0.59,105,"Streets of New Capenna",72942,0,,0,,,,268358,651259
"Exhibition Magician","Creature - Human Wizard",Red,Common,"Greg Staples",2,1,(2)(R),3,1,0,0,$0.05,$0.06,106,"Streets of New Capenna",72943,0,,0,,,,269063,652183
"Glittering Stockpile","Artifact - Treasure",Red,Uncommon,"Brock Grossman",0,0,(2)(R),3,2,0,0,$0.13,$0.20,107,"Streets of New Capenna",72944,0,,0,2xMint,,2xEnglish,268838,652096
"Goldhound","Artifact Creature - Treasure Dog",Red,Common,"Donato Giancola",1,1,(R),1,1,0,0,$0.09,$0.18,108,"Streets of New Capenna",72945,0,,0,,,,269068,652184
"Hoard Hauler","Artifact - Vehicle",Red,Rare,"Jake Murray",5,5,(3)(R),4,1,0,0,$0.16,$0.23,109,"Streets of New Capenna",72946,0,,0,,,,268788,651843
"Involuntary Employment","Sorcery",Red,Uncommon,"Milivoj Ćeran",0,0,(3)(R),4,1,0,0,$0.08,$0.15,110,"Streets of New Capenna",72947,0,,0,,,,268842,652097
"Jackhammer","Artifact - Equipment",Red,Common,"John Severin Brassell",0,0,(1)(R),2,1,0,0,$0.05,$0.05,111,"Streets of New Capenna",72948,0,,0,,,,269071,652185
"Jaxis, the Troublemaker","Legendary Creature - Human Warrior",Red,Rare,"Zoltan Boros",2,3,(3)(R),4,1,0,0,$0.29,$0.42,112,"Streets of New Capenna",72949,0,,0,,,,268339,651260
"Light 'Em Up","Sorcery",Red,Common,"Tony Foti",0,0,(1)(R),2,1,0,0,$0.03,$0.10,113,"Streets of New Capenna",72950,0,,0,,,,268319,651369
"Mayhem Patrol","Creature - Devil Warrior",Red,Common,"Johan Grenier",1,2,(1)(R),2,1,0,0,$0.06,$0.13,114,"Streets of New Capenna",72951,0,,0,,,,268832,652098
"Plasma Jockey","Creature - Viashino Warrior",Red,Common,"Andrew Mar",3,1,(3)(R),4,2,0,0,$0.03,$0.09,115,"Streets of New Capenna",72952,0,,0,2xMint,,2xEnglish,269073,652099
"Professional Face-Breaker","Creature - Human Warrior",Red,Rare,"Dan Scott",2,3,(2)(R),3,0,0,0,$6.15,$7.16,116,"Streets of New Capenna",72953,0,,0,,,,268665,651637
"Pugnacious Pugilist","Creature - Ogre Warrior",Red,Uncommon,"Justine Cruz",4,4,(3)(R)(R),5,0,0,0,$0.08,$0.14,117,"Streets of New Capenna",72954,0,,0,,,,269078,652100
"Pyre-Sledge Arsonist","Creature - Viashino Shaman",Red,Uncommon,"Kekai Kotaki",2,2,(2)(R),3,1,0,0,$0.04,$0.10,118,"Streets of New Capenna",72955,0,,0,,,,268666,651639
"Ready to Rumble","Sorcery",Red,Common,"Josu Hernaiz",0,0,(4)(R),5,1,0,0,$0.03,$0.05,119,"Streets of New Capenna",72956,0,,0,,,,269080,652186
"Riveteers Initiate","Creature - Viashino Citizen",Red,Common,"Svetlin Velinov",2,2,(1)(R),2,1,0,0,$0.04,$0.04,120,"Streets of New Capenna",72957,0,,0,,,,268840,652101
"Riveteers Requisitioner","Creature - Viashino Rogue",Red,Uncommon,"Mark Behm",3,1,(1)(R),2,1,0,0,$0.12,$0.24,121,"Streets of New Capenna",72958,0,,0,,,,268908,652102
"Rob the Archives","Sorcery",Red,Uncommon,"Steve Argyle",0,0,(1)(R),2,1,0,0,$0.08,$0.12,122,"Streets of New Capenna",72959,0,,0,,,,268499,651640
"Sizzling Soloist","Creature - Human Citizen",Red,Uncommon,"Véronique Meignaud",3,2,(3)(R),4,2,0,0,$0.05,$0.17,123,"Streets of New Capenna",72960,0,,0,2xMint,,2xEnglish,268789,651844
"Sticky Fingers","Enchantment - Aura",Red,Common,"Mark Behm",0,0,(R),1,1,0,0,$0.10,$0.18,124,"Streets of New Capenna",72961,0,,0,1xMint,,1xEnglish,269081,652187
"Strangle","Sorcery",Red,Common,"Vincent Proce",0,0,(R),1,1,0,0,$0.12,$0.19,125,"Streets of New Capenna",72962,0,,0,,,,268363,651261
"Structural Assault","Sorcery",Red,Rare,"Liiga Smilshkalne",0,0,(3)(R)(R),5,0,0,0,$0.18,$0.20,126,"Streets of New Capenna",72963,0,,0,,,,268918,652188
"Torch Breath","Instant",Red,Uncommon,"Cristi Balanescu",0,0,(X)(R),1,1,0,0,$0.09,$0.13,127,"Streets of New Capenna",72964,0,,0,,,,268907,652189
"Unlucky Witness","Creature - Human Citizen",Red,Uncommon,"Tyler Walpole",1,1,(R),1,1,0,0,$0.11,$0.31,128,"Streets of New Capenna",72965,0,,0,,,,268505,651641
"Urabrask, Heretic Praetor","Legendary Creature - Phyrexian Praetor",Red,Mythic,"Simon Dominic",4,4,(3)(R)(R),5,0,0,0,$4.65,$6.33,129,"Streets of New Capenna",72966,0,,0,,,,268361,651370
"Widespread Thieving","Enchantment",Red,Rare,"Andrew Mar",0,0,(2)(R),3,0,0,0,$0.14,$0.19,130,"Streets of New Capenna",72967,0,,0,,,,268941,652103
"Witty Roastmaster","Creature - Devil Citizen",Red,Common,"Joe Slucher",3,2,(2)(R),3,2,1,0,$0.10,$0.19,131,"Streets of New Capenna",72968,0,,0,,,,268790,651845
"Wrecking Crew","Creature - Human Warrior",Red,Common,"Joshua Raphael",4,5,(4)(R),5,1,0,0,$0.06,$0.06,132,"Streets of New Capenna",72969,0,,0,,,,269083,652190
"Attended Socialite","Creature - Elf Druid",Green,Common,"Drew Baker",2,1,(1)(G),2,1,0,0,$0.04,$0.17,133,"Streets of New Capenna",72970,0,,0,,,,268739,651846
"Bootleggers' Stash","Artifact",Green,Mythic,"Anastasia Ovchinnikova",0,0,(5)(G),6,0,0,0,$15.37,$15.37,134,"Streets of New Capenna",72971,0,,0,,,,268940,652104
"Bouncer's Beatdown","Instant",Green,Uncommon,"Mathias Kollros",0,0,(2)(G),3,1,0,0,$0.05,$0.08,135,"Streets of New Capenna",72972,0,,0,,,,269093,652191
"Broken Wings","Instant",Green,Common,"Irina Nordsol",0,0,(2)(G),3,1,0,0,$0.05,$0.06,136,"Streets of New Capenna",72973,0,,0,,,,269096,652192
"Cabaretti Initiate","Creature - Raccoon Citizen",Green,Common,"Jason A. Engle",1,2,(G),1,1,0,0,$0.05,$0.08,137,"Streets of New Capenna",72974,0,,0,,,,268791,651847
"Caldaia Strongarm","Creature - Human Warrior",Green,Common,"Randy Vargas",2,3,(4)(G),5,1,0,0,$0.05,$0.08,138,"Streets of New Capenna",72975,0,,0,,,,268843,652105
"Capenna Express","Artifact - Vehicle",Green,Common,"Viko Menezes",6,6,(3)(G),4,1,0,0,$0.06,$0.12,139,"Streets of New Capenna",72976,0,,0,,,,269098,652193
"Civic Gardener","Creature - Human Citizen",Green,Common,"Drew Baker",2,2,(1)(G),2,2,1,0,$0.05,$0.05,140,"Streets of New Capenna",72977,0,,0,,,,269100,652194
"Cleanup Crew","Creature - Human Citizen",Green,Uncommon,"Josu Hernaiz",6,6,(4)(G)(G),6,1,0,0,$0.08,$0.08,141,"Streets of New Capenna",72978,0,,0,1xMint,,1xEnglish,269104,652106
"Courier's Briefcase","Artifact - Treasure",Green,Uncommon,"Josu Hernaiz",0,0,(1)(G),2,1,0,0,$0.08,$0.20,142,"Streets of New Capenna",72979,0,,0,,,,268332,651371
"Elegant Entourage","Creature - Elf Druid",Green,Uncommon,"Jodie Muir",4,4,(3)(G),4,1,0,0,$0.05,$0.25,143,"Streets of New Capenna",72980,0,,0,,,,268792,651848
"Evolving Door","Artifact",Green,Rare,"Drew Baker",0,0,(2)(G),3,0,0,0,$0.13,$0.24,144,"Streets of New Capenna",72981,0,,0,,,,268508,651642
"Fight Rigging","Enchantment",Green,Rare,"Daarken",0,0,(2)(G),3,1,0,0,$0.26,$0.45,145,"Streets of New Capenna",72982,0,,0,,,,268664,651643
"For the Family","Instant",Green,Common,"Kieran Yanner",0,0,(G),1,1,0,0,$0.05,$0.08,146,"Streets of New Capenna",72983,0,,0,,,,269106,652195
"Freelance Muscle","Creature - Rhino Warrior",Green,Uncommon,"Randy Vargas",4,4,(4)(G),5,1,0,0,$0.08,$0.15,147,"Streets of New Capenna",72984,0,,0,1xMint,,1xEnglish,268793,651849
"Gala Greeters","Creature - Elf Druid",Green,Rare,"Bud Cook",1,1,(1)(G),2,0,0,0,$0.36,$0.43,148,"Streets of New Capenna",72985,0,,0,,,,268366,651262
"Glittermonger","Creature - Elf Rogue",Green,Common,"Evyn Fong",1,4,(3)(G),4,1,0,0,$0.06,$0.16,149,"Streets of New Capenna",72986,0,,0,,,,269109,652196
"High-Rise Sawjack","Creature - Elf Citizen",Green,Common,"Randy Vargas",2,3,(2)(G),3,1,0,0,$0.06,$0.15,150,"Streets of New Capenna",72987,0,,0,,,,269110,652197
"Jewel Thief","Creature - Cat Rogue",Green,Common,"Joe Slucher",3,3,(2)(G),3,1,0,0,$0.10,$0.17,151,"Streets of New Capenna",72988,0,,0,,,,268829,652107
"Luxurious Libation","Instant",Green,Uncommon,"Joe Slucher",0,0,(X)(G),1,0,0,0,$0.06,$0.06,152,"Streets of New Capenna",72989,0,,0,,,,268506,651644
"Most Wanted","Enchantment - Aura",Green,Common,"Rémi Jacquot",0,0,(2)(G),3,1,0,0,$0.05,$0.05,153,"Streets of New Capenna",72990,0,,0,,,,269111,652198
"Prizefight","Instant",Green,Common,"Deruchenko Alexander",0,0,(1)(G),2,1,0,0,$0.08,$0.14,154,"Streets of New Capenna",72991,0,,0,,,,269112,652199
"Rhox Pummeler","Creature - Rhino Soldier",Green,Common,"Gabor Szikszai",6,3,(5)(G),6,1,0,0,$0.05,$0.11,155,"Streets of New Capenna",72992,0,,0,,,,269113,652200
"Riveteers Decoy","Creature - Human Warrior",Green,Uncommon,"Inka Schulz",3,1,(1)(G),2,2,1,0,$0.06,$0.06,156,"Streets of New Capenna",72993,0,,0,,,,269103,652108
"Social Climber","Creature - Human Druid",Green,Common,"Carly Mazur",3,2,(2)(G),3,1,0,0,$0.08,$0.08,157,"Streets of New Capenna",72994,0,,0,,,,268746,651850
"Take to the Streets","Sorcery",Green,Uncommon,"Matt Forsyth",0,0,(4)(G),5,1,0,0,$0.03,$0.03,158,"Streets of New Capenna",72995,0,,0,,,,269097,652109
"Titan of Industry","Creature - Elemental",Green,Mythic,"Lucas Staniec",7,7,(4)(G)(G)(G),7,0,0,0,$4.55,$5.35,159,"Streets of New Capenna",72996,0,,0,,,,268973,652201
"Topiary Stomper","Creature - Plant Dinosaur",Green,Rare,"Robin Olausson",4,4,(1)(G)(G),3,1,0,0,$0.61,$0.75,160,"Streets of New Capenna",72997,0,,0,,,,268570,651706
"Venom Connoisseur","Creature - Human Druid",Green,Uncommon,"Marta Nael",2,2,(1)(G),2,1,0,0,$0.08,$0.15,161,"Streets of New Capenna",72998,0,,0,,,,268794,651851
"Vivien on the Hunt","Legendary Planeswalker - Vivien",Green,Mythic,"Jake Murray",0,0,(4)(G)(G),6,0,0,0,$6.60,$8.59,162,"Streets of New Capenna",72999,0,,0,,,,268431,651372
"Voice of the Vermin","Creature - Human Citizen",Green,Uncommon,"Irina Nordsol",2,2,(3)(G),4,1,0,0,$0.05,$0.08,163,"Streets of New Capenna",73000,0,,0,,,,269094,652202
"Warm Welcome","Instant",Green,Common,"Inka Schulz",0,0,(2)(G),3,1,0,0,$0.05,$0.06,164,"Streets of New Capenna",73001,0,,0,,,,269091,652203
"Workshop Warchief","Creature - Rhino Warrior",Green,Rare,"Zoltan Boros",5,3,(3)(G)(G),5,0,0,0,$0.26,$0.37,165,"Streets of New Capenna",73002,0,,0,,,,268943,652110
"Aven Heartstabber","Creature - Bird Assassin",Multicolors,Rare,"Dan Scott",1,1,(U)(B),2,0,0,0,$0.15,$0.30,166,"Streets of New Capenna",73003,0,,0,,,,268795,651707
"Black Market Tycoon","Creature - Cat Rogue",Multicolors,Rare,"Brock Grossman",2,2,(R)(G),2,1,0,0,$0.17,$0.32,167,"Streets of New Capenna",73004,0,,0,,,,268517,651645
"Body Dropper","Creature - Devil Warrior",Multicolors,Common,"Jakub Kasper",2,2,(B)(R),2,1,0,0,$0.06,$0.14,168,"Streets of New Capenna",73005,0,,0,,,,268796,651852
"Brazen Upstart","Creature - Elf Shaman",Multicolors,Uncommon,"Dallas Williams",4,2,(R)(G)(W),3,1,0,0,$0.05,$0.10,169,"Streets of New Capenna",73006,0,,0,,,,268747,651853
"Brokers Ascendancy","Enchantment",Multicolors,Rare,"Dallas Williams",0,0,(G)(W)(U),3,0,0,0,$0.74,$1.05,170,"Streets of New Capenna",73007,0,,0,,,,265342,611274
"Brokers Charm","Instant",Multicolors,Uncommon,"Steve Argyle",0,0,(G)(W)(U),3,1,0,0,$0.10,$0.22,171,"Streets of New Capenna",73008,0,,0,,,,268251,651159
"Cabaretti Ascendancy","Enchantment",Multicolors,Rare,"Kari Christensen",0,0,(R)(G)(W),3,1,0,0,$0.16,$0.27,172,"Streets of New Capenna",73009,0,,0,1xMint,,1xEnglish,268797,651854
"Cabaretti Charm","Instant",Multicolors,Uncommon,"Steve Argyle",0,0,(R)(G)(W),3,2,0,0,$0.09,$0.18,173,"Streets of New Capenna",73010,0,,0,2xMint,,2xEnglish,267974,650862
"Celestial Regulator","Creature - Angel Advisor",Multicolors,Common,"Mathias Kollros",2,3,(1)(W)(U),3,1,0,0,$0.05,$0.10,174,"Streets of New Capenna",73011,0,,0,,,,268798,651855
"Ceremonial Groundbreaker","Artifact - Equipment",Multicolors,Uncommon,"Drew Baker",0,0,(1)(G)(W),3,1,1,0,$0.06,$0.08,175,"Streets of New Capenna",73012,0,,0,,,,268663,651646
"Civil Servant","Creature - Cat Citizen",Multicolors,Common,"Tony Foti",2,3,(G)(W),2,1,0,0,$0.06,$0.06,176,"Streets of New Capenna",73013,0,,0,,,,268839,652111
"Cormela, Glamour Thief","Legendary Creature - Vampire Rogue",Multicolors,Uncommon,"Bram Sels",2,4,(1)(U)(B)(R),4,1,0,0,$0.09,$0.19,177,"Streets of New Capenna",73014,0,,0,,,,268461,651647
"Corpse Appraiser","Creature - Vampire Rogue",Multicolors,Uncommon,"Josh Hass",3,3,(U)(B)(R),3,1,0,0,$0.09,$0.11,178,"Streets of New Capenna",73015,0,,0,,,,268662,651648
"Corpse Explosion","Sorcery",Multicolors,Rare,"Greg Staples",0,0,(1)(B)(R),3,1,1,0,$0.27,$0.40,179,"Streets of New Capenna",73016,0,,0,1xMint,,1xEnglish,268954,652112
"Crew Captain","Creature - Human Warrior",Multicolors,Uncommon,"Jakub Kasper",4,2,(B)(R)(G),3,1,0,0,$0.04,$0.08,180,"Streets of New Capenna",73017,0,,0,,,,268945,652113
"Darling of the Masses","Creature - Elf Citizen",Multicolors,Uncommon,"Mila Pesic",2,4,(2)(G)(W),4,0,0,0,$0.04,$0.20,181,"Streets of New Capenna",73018,0,,0,,,,269124,652114
"Disciplined Duelist","Creature - Human Citizen",Multicolors,Uncommon,"Josu Hernaiz",2,1,(G)(W)(U),3,0,0,0,$0.08,$0.12,182,"Streets of New Capenna",73019,0,,0,,,,268338,651263
"Endless Detour","Instant",Multicolors,Rare,"Eddie Mendoza",0,0,(G)(W)(U),3,0,0,0,$0.18,$0.20,183,"Streets of New Capenna",73020,0,,0,,,,268903,652204
"Evelyn, the Covetous","Legendary Creature - Vampire Rogue",Multicolors,Rare,"Marta Nael",2,5,(2)({)(U)(/)(B)(})(B)(BR),5,0,0,0,$0.15,$0.31,184,"Streets of New Capenna",73021,0,,0,,,,268458,651649
"Exotic Pets","Instant",Multicolors,Uncommon,"Drew Baker",0,0,(1)(W)(U),3,1,0,0,$0.08,$0.16,185,"Streets of New Capenna",73022,0,,0,,,,268511,651650
"Falco Spara, Pactweaver","Legendary Creature - Bird Demon",Multicolors,Mythic,"Kieran Yanner",3,3,(1)(G)(W)(U),4,1,0,0,$1.56,$2.59,186,"Streets of New Capenna",73023,0,,0,,,,268335,651373
"Fatal Grudge","Sorcery",Multicolors,Uncommon,"Cristi Balanescu",0,0,(B)(R),2,1,0,0,$0.12,$0.12,187,"Streets of New Capenna",73024,0,,0,,,,268743,651856
"Fleetfoot Dancer","Creature - Elf Druid",Multicolors,Rare,"Joshua Raphael",4,4,(1)(R)(G)(W),4,0,0,0,$0.16,$0.33,188,"Streets of New Capenna",73025,0,,0,,,,268737,651857
"Forge Boss","Creature - Human Warrior",Multicolors,Uncommon,"Igor Kieryluk",3,4,(2)(B)(R),4,1,0,0,$0.08,$0.11,189,"Streets of New Capenna",73026,0,,0,,,,268660,651651
"Glamorous Outlaw","Creature - Vampire Rogue",Multicolors,Common,"Maria Zolotukhina",4,5,(3)(U)(B)(R),6,0,0,0,$0.04,$0.08,190,"Streets of New Capenna",73027,0,,0,,,,269020,652205
"Hostile Takeover","Sorcery",Multicolors,Rare,"Vincent Proce",0,0,(2)(U)(B)(R),5,1,0,0,$0.11,$0.19,191,"Streets of New Capenna",73028,0,,0,,,,268657,651652
"Incandescent Aria","Sorcery",Multicolors,Rare,"Randy Gallegos",0,0,(R)(G)(W),3,0,0,0,$0.14,$0.17,192,"Streets of New Capenna",73029,0,,0,,,,268741,651858
"Jetmir, Nexus of Revels","Legendary Creature - Cat Demon",Multicolors,Mythic,"Ryan Pancoast",5,4,(1)(R)(G)(W),4,0,0,0,$3.13,$4.32,193,"Streets of New Capenna",73030,0,,0,,,,267925,650983
"Jetmir's Fixer","Creature - Cat Warrior",Multicolors,Common,"John Thacker",2,2,(R)(G),2,1,0,0,$0.05,$0.05,194,"Streets of New Capenna",73031,0,,0,,,,268905,652115
"Jinnie Fay, Jetmir's Second","Legendary Creature - Elf Druid",Multicolors,Rare,"David Gaillet",3,3,(RG)(G)(GW),3,1,0,0,$0.38,$0.72,195,"Streets of New Capenna",73032,0,,0,,,,268744,651859
"Lagrella, the Magpie","Legendary Creature - Human Soldier",Multicolors,Uncommon,"Donato Giancola",2,3,(G)(W)(U),3,1,0,0,$0.10,$0.19,196,"Streets of New Capenna",73033,0,,0,,,,269086,652206
"Lord Xander, the Collector","Legendary Creature - Vampire Demon Noble",Multicolors,Mythic,"Martina Fackova",6,6,(4)(U)(B)(R),7,0,0,0,$3.43,$5.26,197,"Streets of New Capenna",73034,0,,0,,,,267923,650984
"Maestros Ascendancy","Enchantment",Multicolors,Rare,"Jodie Muir",0,0,(U)(B)(R),3,1,0,0,$0.17,$0.27,198,"Streets of New Capenna",73035,0,,0,,,,268655,651653
"Maestros Charm","Instant",Multicolors,Uncommon,"Steve Argyle",0,0,(U)(B)(R),3,1,1,0,$0.10,$0.28,199,"Streets of New Capenna",73036,0,,0,,,,267977,650856
"Maestros Diabolist","Creature - Vampire Warrior",Multicolors,Rare,"Bastien L. Deharme",1,4,(U)(B)(R),3,1,0,0,$0.12,$0.24,200,"Streets of New Capenna",73037,0,,0,,,,268457,651654
"Masked Bandits","Creature - Raccoon Rogue",Multicolors,Common,"Micah Epstein",5,5,(3)(B)(R)(G),6,2,1,0,$0.04,$0.08,201,"Streets of New Capenna",73038,0,,0,,,,268949,652116
"Meeting of the Five","Sorcery",Multicolors,Mythic,"Dominik Mayer",0,0,(3)(W)(U)(B)(R)(G),8,1,0,0,$0.18,$0.18,202,"Streets of New Capenna",73039,0,,0,,,,269087,652207
"Metropolis Angel","Creature - Angel Soldier",Multicolors,Uncommon,"Lie Setiawan",3,1,(2)(W)(U),4,0,0,0,$0.10,$0.20,203,"Streets of New Capenna",73040,0,,0,,,,268800,651708
"Mr. Orfeo, the Boulder","Legendary Creature - Rhino Warrior",Multicolors,Uncommon,"Daarken",2,4,(1)(B)(R)(G),4,2,1,0,$0.10,$0.13,204,"Streets of New Capenna",73041,0,,0,,,,268833,652117
"Nimble Larcenist","Creature - Bird Rogue",Multicolors,Uncommon,"Volkan Baǵa",2,1,(W)(U)(B),3,1,0,0,$0.13,$0.22,205,"Streets of New Capenna",73042,0,,0,,,,268430,651374
"Ob Nixilis, the Adversary","Legendary Planeswalker - Nixilis",Multicolors,Mythic,"Yongjae Choi",0,0,(1)(B)(R),3,1,0,0,$27.69,$42.33,206,"Streets of New Capenna",73043,0,,0,,,,268359,651375
"Obscura Ascendancy","Enchantment",Multicolors,Rare,"Igor Krstic",0,0,(W)(U)(B),3,1,0,0,$0.12,$0.17,207,"Streets of New Capenna",73044,0,,0,,,,268802,651731
"Obscura Charm","Instant",Multicolors,Uncommon,"Steve Argyle",0,0,(W)(U)(B),3,1,0,0,$0.16,$0.39,208,"Streets of New Capenna",73045,0,,0,,,,267673,650858
"Obscura Interceptor","Creature - Cephalid Wizard",Multicolors,Rare,"Jason A. Engle",3,1,(1)(W)(U)(B),4,1,0,0,$0.22,$0.53,209,"Streets of New Capenna",73046,0,,0,,,,268520,651709
"Ognis, the Dragon's Lash","Legendary Creature - Viashino Warrior",Multicolors,Rare,"Andreas Zafiratos",3,3,(1)(BR)(R)(RG),4,1,0,0,$0.19,$0.67,210,"Streets of New Capenna",73047,0,,0,,,,268830,652118
"Park Heights Pegasus","Creature - Pegasus",Multicolors,Rare,"Randy Gallegos",2,1,(G)(W),2,0,0,0,$0.14,$0.16,211,"Streets of New Capenna",73048,0,,0,,,,268803,651860
"Queza, Augur of Agonies","Legendary Creature - Cephalid Advisor",Multicolors,Uncommon,"Josh Hass",3,4,(1)(W)(U)(B),4,0,0,0,$0.13,$0.29,212,"Streets of New Capenna",73049,0,,0,,,,268804,651710
"Raffine, Scheming Seer","Legendary Creature - Sphinx Demon",Multicolors,Mythic,"Johannes Voss",1,4,(W)(U)(B),3,1,0,0,$9.03,$14.52,213,"Streets of New Capenna",73050,0,,0,,,,267921,650985
"Rakish Revelers","Creature - Elf Druid Rogue",Multicolors,Common,"Alessandra Pisano",5,3,(2)(R)(G)(W),5,2,1,0,$0.11,$0.11,214,"Streets of New Capenna",73051,0,,0,,,,268738,651861
"Rigo, Streetwise Mentor","Legendary Creature - Cat Citizen",Multicolors,Rare,"Scott Murphy",2,2,(GW)(W)(WU),3,0,0,0,$0.12,$0.18,215,"Streets of New Capenna",73052,0,,0,,,,268900,652208
"Riveteers Ascendancy","Enchantment",Multicolors,Rare,"Svetlin Velinov",0,0,(B)(R)(G),3,0,0,0,$0.28,$0.37,216,"Streets of New Capenna",73053,0,,0,,,,268835,652119
"Riveteers Charm","Instant",Multicolors,Uncommon,"Steve Argyle",0,0,(B)(R)(G),3,1,0,0,$0.16,$0.45,217,"Streets of New Capenna",73054,0,,0,,,,268075,651036
"Rocco, Cabaretti Caterer","Legendary Creature - Elf Druid",Multicolors,Uncommon,"Chris Seaman",3,1,(X)(R)(G)(W),3,1,1,0,$0.11,$0.24,218,"Streets of New Capenna",73055,0,,0,,,,268806,651862
"Scheming Fence","Creature - Human Citizen",Multicolors,Rare,"Cristi Balanescu",2,3,(W)(U),2,0,0,0,$0.43,$0.69,219,"Streets of New Capenna",73056,0,,0,,,,268807,651863
"Security Rhox","Creature - Rhino Warrior",Multicolors,Uncommon,"Lie Setiawan",5,4,(2)(R)(G),4,1,0,0,$0.09,$0.09,220,"Streets of New Capenna",73057,0,,0,,,,268504,651655
"Shattered Seraph","Creature - Angel Rogue",Multicolors,Common,"Bastien L. Deharme",4,4,(4)(W)(U)(B),7,1,0,0,$0.06,$0.10,221,"Streets of New Capenna",73058,0,,0,,,,268808,651711
"Snooping Newsie","Creature - Human Rogue",Multicolors,Common,"E. M. Gist",2,2,(U)(B),2,2,1,0,$0.06,$0.08,222,"Streets of New Capenna",73059,0,,0,,,,268502,651656
"Soul of Emancipation","Creature - Avatar",Multicolors,Rare,"Eric Deschamps",5,7,(4)(G)(W)(U),7,0,0,0,$0.09,$0.09,223,"Streets of New Capenna",73060,0,,0,,,,268898,652209
"Spara's Adjudicators","Creature - Cat Citizen",Multicolors,Common,"Aaron J. Riley",4,4,(2)(G)(W)(U),5,1,0,0,$0.08,$0.14,224,"Streets of New Capenna",73061,0,,0,,,,269089,652210
"Stimulus Package","Enchantment",Multicolors,Uncommon,"Robin Olausson",0,0,(2)(R)(G),4,1,0,0,$0.11,$0.12,225,"Streets of New Capenna",73062,0,,0,1xMint,,1xEnglish,268751,651864
"Syndicate Infiltrator","Creature - Vampire Wizard",Multicolors,Uncommon,"Mila Pesic",3,3,(2)(U)(B),4,1,0,0,$0.05,$0.06,226,"Streets of New Capenna",73063,0,,0,,,,268809,651865
"Tainted Indulgence","Instant",Multicolors,Uncommon,"Inka Schulz",0,0,(U)(B),2,1,0,0,$0.61,$1.94,227,"Streets of New Capenna",73064,0,,0,,,,268811,651712
"Toluz, Clever Conductor","Legendary Creature - Human Rogue",Multicolors,Rare,"Donato Giancola",3,1,(WU)(U)({)(U)(/)(B)(}),3,1,0,0,$0.14,$0.26,228,"Streets of New Capenna",73065,0,,0,,,,268538,651713
"Unleash the Inferno","Instant",Multicolors,Rare,"Zoltan Boros",0,0,(1)(B)(R)(G),4,1,0,0,$0.15,$0.26,229,"Streets of New Capenna",73066,0,,0,,,,268646,651714
"Void Rend","Instant",Multicolors,Rare,"Rovina Cai",0,0,(W)(U)(B),3,1,0,0,$2.72,$3.75,230,"Streets of New Capenna",73067,0,,0,,,,268812,651715
"Ziatora, the Incinerator","Legendary Creature - Demon Dragon",Multicolors,Mythic,"Chris Rahn",6,6,(3)(B)(R)(G),6,0,0,0,$3.72,$4.85,231,"Streets of New Capenna",73068,0,,0,,,,268340,651376
"Ziatora's Envoy","Creature - Viashino Warrior",Multicolors,Rare,"Tuan Duong Chu",5,4,(1)(B)(R)(G),4,0,0,0,$0.16,$0.28,232,"Streets of New Capenna",73069,0,,0,,,,268911,652211
"Arc Spitter","Artifact - Equipment",Colorless,Uncommon,"Matt Forsyth",0,0,(1),1,2,1,0,$0.03,$0.09,233,"Streets of New Capenna",73070,0,,0,,,,268653,651657
"Brass Knuckles","Artifact - Equipment",Colorless,Uncommon,"Yeong-Hao Han",0,0,(4),4,1,0,0,$0.09,$0.10,234,"Streets of New Capenna",73071,0,,0,,,,268844,652120
"Cement Shoes","Artifact - Equipment",Colorless,Uncommon,"Mark Behm",0,0,(1),1,1,0,0,$0.03,$0.10,235,"Streets of New Capenna",73072,0,,0,,,,269090,652121
"Chrome Cat","Artifact Creature - Cat",Colorless,Common,"Joe Slucher",3,2,(3),3,1,0,0,$0.04,$0.10,236,"Streets of New Capenna",73073,0,,0,,,,268364,651264
"Getaway Car","Artifact - Vehicle",Colorless,Rare,"Donato Giancola",4,3,(3),3,1,0,0,$0.12,$0.20,237,"Streets of New Capenna",73074,0,,0,,,,268360,651377
"Gilded Pinions","Artifact - Equipment",Colorless,Common,"Irina Nordsol",0,0,(2),2,1,0,0,$0.05,$0.09,238,"Streets of New Capenna",73075,0,,0,,,,269092,652212
"Halo Scarab","Artifact Creature - Insect",Colorless,Common,"Khurrum",2,1,(2),2,1,0,0,$0.03,$0.04,239,"Streets of New Capenna",73076,0,,0,,,,269095,652213
"Luxior, Giada's Gift","Legendary Artifact - Equipment",Colorless,Mythic,"Volkan Baǵa",0,0,(1),1,0,0,0,$13.77,$17.92,240,"Streets of New Capenna",73077,0,,0,,,,268536,651766
"Ominous Parcel","Artifact",Colorless,Common,"Joe Slucher",0,0,(1),1,1,0,0,$0.02,$0.03,241,"Streets of New Capenna",73078,0,,0,1xMint,,1xEnglish,269099,652214
"Paragon of Modernity","Artifact Creature - Angel Warrior",Colorless,Common,"Volkan Baǵa",2,2,(4),4,1,0,0,$0.04,$0.14,242,"Streets of New Capenna",73079,0,,0,,,,269101,652215
"Quick-Draw Dagger","Artifact - Equipment",Colorless,Common,"Ovidio Cartagena",0,0,(3),3,0,0,0,$0.02,$0.10,243,"Streets of New Capenna",73080,0,,0,,,,269102,652216
"Scuttling Butler","Artifact Creature - Construct",Colorless,Uncommon,"Gaboleps",4,1,(3),3,1,0,0,$0.03,$0.05,244,"Streets of New Capenna",73081,0,,0,,,,269105,652122
"Suspicious Bookcase","Artifact Creature - Wall",Colorless,Uncommon,"Josu Hernaiz",0,4,(2),2,1,0,0,$0.10,$0.10,245,"Streets of New Capenna",73082,0,,0,,,,268544,651658
"Unlicensed Hearse","Artifact - Vehicle",Colorless,Rare,"Chris Seaman",0,0,(2),2,1,0,0,$5.44,$8.82,246,"Streets of New Capenna",73083,0,,0,,,,268735,651866
"Botanical Plaza","Land",Colorless,Common,"Grady Frederick",0,0,,0,1,0,0,$0.12,$0.12,247,"Streets of New Capenna",73084,0,,0,,,,268326,651378
"Brokers Hideout","Land",Colorless,Common,"James Paick",0,0,,0,2,1,0,$0.08,$0.19,248,"Streets of New Capenna",73085,0,,0,,,,269107,652218
"Cabaretti Courtyard","Land",Colorless,Common,"Kasia 'Kafis' Zielińska",0,0,,0,2,0,0,$0.10,$0.15,249,"Streets of New Capenna",73086,0,,0,2xMint,,2xEnglish,268758,651867
"Jetmir's Garden","Land - Mountain Forest Plains",Colorless,Rare,"Kasia 'Kafis' Zielińska",0,0,,0,1,0,0,$8.99,$10.10,250,"Streets of New Capenna",73087,0,,0,,,,265346,611269
"Maestros Theater","Land",Colorless,Common,"Jokubas Uogintas",0,0,,0,1,0,0,$0.10,$0.16,251,"Streets of New Capenna",73088,0,,0,,,,268443,651659
"Obscura Storefront","Land",Colorless,Common,"Muhammad Firdaus",0,0,,0,1,0,0,$0.09,$0.17,252,"Streets of New Capenna",73089,0,,0,,,,268759,651716
"Racers' Ring","Land",Colorless,Common,"Sam White",0,0,,0,1,0,0,$0.13,$0.13,253,"Streets of New Capenna",73090,0,,0,,,,268320,651379
"Raffine's Tower","Land - Plains Island Swamp",Colorless,Rare,"Sam White",0,0,,0,0,0,0,$12.70,$14.17,254,"Streets of New Capenna",73091,0,,0,,,,265349,611270
"Riveteers Overlook","Land",Colorless,Common,"Lucas Staniec",0,0,,0,2,1,0,$0.09,$0.19,255,"Streets of New Capenna",73092,0,,0,,,,269108,652217
"Skybridge Towers","Land",Colorless,Common,"Muhammad Firdaus",0,0,,0,1,0,0,$0.09,$0.09,256,"Streets of New Capenna",73093,0,,0,,,,268321,651380
"Spara's Headquarters","Land - Forest Plains Island",Colorless,Rare,"Kieran Yanner",0,0,,0,0,0,0,$10.38,$12.53,257,"Streets of New Capenna",73094,0,,0,,,,265348,611271
"Tramway Station","Land",Colorless,Common,"Alexander Forssberg",0,0,,0,1,0,0,$0.10,$0.10,258,"Streets of New Capenna",73095,0,,0,,,,268322,651381
"Waterfront District","Land",Colorless,Common,"Alexander Forssberg",0,0,,0,1,0,0,$0.11,$0.11,259,"Streets of New Capenna",73096,0,,0,,,,268328,651382
"Xander's Lounge","Land - Island Swamp Mountain",Colorless,Rare,"James Paick",0,0,,0,1,0,0,$9.90,$11.65,260,"Streets of New Capenna",73097,0,,0,,,,265350,611272
"Ziatora's Proving Ground","Land - Swamp Mountain Forest",Colorless,Rare,"Viko Menezes",0,0,,0,1,0,0,$10.11,$12.27,261,"Streets of New Capenna",73098,0,,0,,,,265351,611273
"Plains","Basic Land - Plains",Colorless,Common,"Sam Burley",0,0,,0,3,1,0,$0.04,$0.14,262,"Streets of New Capenna",73099,0,,0,3xMint,,3xEnglish,268408,651265
"Plains","Basic Land - Plains",Colorless,Common,"Thomas Stoop",0,0,,0,2,1,0,$0.03,$0.13,263,"Streets of New Capenna",73100,0,,0,,,,268409,651266
"Island","Basic Land - Island",Colorless,Common,"Sam Burley",0,0,,0,2,1,0,$0.05,$0.19,264,"Streets of New Capenna",73101,0,,0,,,,268410,651267
"Island","Basic Land - Island",Colorless,Common,"Jedd Chevrier",0,0,,0,2,1,0,$0.03,$0.17,265,"Streets of New Capenna",73102,0,,0,,,,268411,651268
"Swamp","Basic Land - Swamp",Colorless,Common,"Christian Dimitrov",0,0,,0,2,1,0,$0.08,$0.15,266,"Streets of New Capenna",73103,0,,0,,,,268412,651269
"Swamp","Basic Land - Swamp",Colorless,Common,"Adam Paquette",0,0,,0,2,1,0,$0.05,$0.17,267,"Streets of New Capenna",73104,0,,0,,,,268413,651270
"Mountain","Basic Land - Mountain",Colorless,Common,"Christian Dimitrov",0,0,,0,3,1,0,$0.08,$0.10,268,"Streets of New Capenna",73105,0,,0,3xMint,,3xEnglish,268414,651271
"Mountain","Basic Land - Mountain",Colorless,Common,"Adam Paquette",0,0,,0,2,1,0,$0.05,$0.09,269,"Streets of New Capenna",73106,0,,0,,,,268415,651272
"Forest","Basic Land - Forest",Colorless,Common,"Christian Dimitrov",0,0,,0,3,1,0,$0.09,$0.13,270,"Streets of New Capenna",73107,0,,0,3xMint,,3xEnglish,268416,651273
"Forest","Basic Land - Forest",Colorless,Common,"Thomas Stoop",0,0,,0,2,1,0,$0.05,$0.17,271,"Streets of New Capenna",73108,0,,0,,,,268417,651274
"Plains","Basic Land - Plains",Colorless,Common,"Elektrodeko",0,0,,0,1,0,0,$0.17,$0.40,272,"Streets of New Capenna",73109,0,,0,,,,265353,611259
"Plains","Basic Land - Plains",Colorless,Common,"Olga Tereshenko",0,0,,0,1,0,0,$0.16,$0.39,273,"Streets of New Capenna",73110,0,,0,,,,265352,611260
"Island","Basic Land - Island",Colorless,Common,"Matteo Bassini",0,0,,0,2,1,0,$0.22,$0.45,274,"Streets of New Capenna",73111,0,,0,,,,265354,611261
"Island","Basic Land - Island",Colorless,Common,"W.Flemming",0,0,,0,1,0,0,$0.15,$0.33,275,"Streets of New Capenna",73112,0,,0,,,,265355,611262
"Swamp","Basic Land - Swamp",Colorless,Common,"Matteo Bassini",0,0,,0,1,0,0,$0.19,$0.45,276,"Streets of New Capenna",73113,0,,0,,,,265358,611263
"Swamp","Basic Land - Swamp",Colorless,Common,"Zoran Cardula",0,0,,0,1,1,0,$0.19,$0.28,277,"Streets of New Capenna",73114,0,,0,,,,265359,611264
"Mountain","Basic Land - Mountain",Colorless,Common,"Zbigniew M. Bielak",0,0,,0,0,0,0,$0.18,$0.33,278,"Streets of New Capenna",73115,0,,0,,,,265357,611265
"Mountain","Basic Land - Mountain",Colorless,Common,"Ann-Sophie De Steur",0,0,,0,1,0,0,$0.22,$0.40,279,"Streets of New Capenna",73116,0,,0,,,,265356,611266
"Forest","Basic Land - Forest",Colorless,Common,"Matteo Bassini",0,0,,0,1,0,0,$0.15,$0.41,280,"Streets of New Capenna",73117,0,,0,,,,265360,611267
"Forest","Basic Land - Forest",Colorless,Common,"W.Flemming",0,0,,0,1,0,0,$0.17,$0.28,281,"Streets of New Capenna",73118,0,,0,,,,265361,611268
"Mysterious Limousine","Artifact - Vehicle",White,Rare,"Hector Ortiz",4,4,(3)(W)(W),5,2,2,0,$0.81,$0.81,462,"Streets of New Capenna",73119,0,,0,2xMint,,2xEnglish,0,651675
"Rumor Gatherer","Creature - Elf Wizard",White,Uncommon,"Simon Dominic",2,1,(1)(W)(W),3,0,0,0,$0.02,$0.02,463,"Streets of New Capenna",73120,0,,0,,,,269143,651676
"An Offer You Can't Refuse","Instant",Blue,Uncommon,"Dallas Williams",0,0,(U),1,0,0,0,$1.04,$4.06,464,"Streets of New Capenna",73121,0,,0,,,,269144,651677
"Incriminate","Sorcery",Black,Common,"Kieran Yanner",0,0,(1)(B),2,0,0,0,$0.02,$0.40,465,"Streets of New Capenna",73122,0,,0,,,,269145,651678
"Light 'Em Up","Sorcery",Red,Common,"Tony Foti",0,0,(1)(R),2,0,0,0,$0.02,$0.02,466,"Streets of New Capenna",73123,0,,0,,,,269148,651679
"Courier's Briefcase","Artifact - Treasure",Green,Uncommon,"Josu Hernaiz",0,0,(1)(G),2,0,0,0,$0.02,$0.24,467,"Streets of New Capenna",73124,0,,0,,,,269151,651680
